{
    "metrics": {
        "http_req_duration{expected_response:true}": {
            "avg": 530.4225472668691,
            "min": 77.210176,
            "med": 471.122457,
            "max": 2306.064634,
            "p(90)": 913.8860939000001,
            "p(95)": 1115.6192236
        },
        "http_req_tls_handshaking": {
            "med": 0,
            "max": 0,
            "p(90)": 0,
            "p(95)": 0,
            "avg": 0,
            "min": 0
        },
        "data_received": {
            "count": 38056388,
            "rate": 316901.09932593344
        },
        "http_reqs": {
            "count": 5928,
            "rate": 49.3633215218463
        },
        "http_req_connecting": {
            "avg": 0.2493076514844805,
            "min": 0,
            "med": 0,
            "max": 32.490896,
            "p(90)": 0,
            "p(95)": 0
        },
        "http_req_sending": {
            "p(90)": 0.0238328,
            "p(95)": 0.03091249999999998,
            "avg": 0.01853413394062073,
            "min": 0.006204,
            "med": 0.0166555,
            "max": 0.248029
        },
        "http_req_waiting": {
            "p(90)": 896.1330404,
            "p(95)": 1084.4222640499995,
            "avg": 512.0585432285772,
            "min": 75.03475,
            "med": 446.155919,
            "max": 2245.895828
        },
        "iterations": {
            "count": 5928,
            "rate": 49.3633215218463
        },
        "vus_max": {
            "min": 50,
            "max": 50,
            "value": 50
        },
        "data_sent": {
            "count": 2841447,
            "rate": 23661.144036485424
        },
        "checks": {
            "passes": 5928,
            "fails": 0,
            "value": 1
        },
        "http_req_duration": {
            "p(95)": 1115.6192236,
            "avg": 530.4225472668691,
            "min": 77.210176,
            "med": 471.122457,
            "max": 2306.064634,
            "p(90)": 913.8860939000001,
            "thresholds": {
                "p(95)<500": true
            }
        },
        "vus": {
            "value": 1,
            "min": 1,
            "max": 50
        },
        "chat_logs_duration": {
            "avg": 530.4225472668691,
            "min": 77.210176,
            "med": 471.122457,
            "max": 2306.064634,
            "p(90)": 913.8860939000001,
            "p(95)": 1115.6192236
        },
        "iteration_duration": {
            "avg": 530.8555772046207,
            "min": 77.423401,
            "med": 471.2937105,
            "max": 2306.252149,
            "p(90)": 914.6440869,
            "p(95)": 1115.8150893
        },
        "http_req_failed": {
            "passes": 0,
            "fails": 5928,
            "thresholds": {
                "rate<0.01": false
            },
            "value": 0
        },
        "http_req_blocked": {
            "p(90)": 0.006388800000000002,
            "p(95)": 0.008156149999999996,
            "avg": 0.25472250101214744,
            "min": 0.001925,
            "med": 0.004272,
            "max": 32.601592
        },
        "group_duration": {
            "max": 2306.218545,
            "p(90)": 914.5945329000001,
            "p(95)": 1115.775748,
            "avg": 530.8182336617758,
            "min": 77.377459,
            "med": 471.2622035
        },
        "http_req_receiving": {
            "max": 633.212104,
            "p(90)": 54.00953770000002,
            "p(95)": 66.68584479999998,
            "avg": 18.345469904352278,
            "min": 0.035712,
            "med": 6.6741335
        }
    },
    "root_group": {
        "name": "",
        "path": "",
        "id": "d41d8cd98f00b204e9800998ecf8427e",
        "groups": {
            "Get Chat Logs": {
                "name": "Get Chat Logs",
                "path": "::Get Chat Logs",
                "id": "88bc7e85aa7809a41b957c07accf4e3d",
                "groups": {},
                "checks": {
                        "status is 200": {
                            "path": "::Get Chat Logs::status is 200",
                            "id": "8f61d2debae169fd0333ac9fdb8c386a",
                            "passes": 5928,
                            "fails": 0,
                            "name": "status is 200"
                        }
                    }
            }
        },
        "checks": {}
    }
}