{
    "metrics": {
        "http_req_sending": {
            "avg": 0.015686990980438097,
            "min": 0.004432,
            "med": 0.012739,
            "max": 0.20934,
            "p(90)": 0.029781600000000002,
            "p(95)": 0.034480000000000004
        },
        "http_req_duration{expected_response:true}": {
            "p(95)": 1110.4108811999997,
            "avg": 368.58612698324737,
            "min": 65.276957,
            "med": 220.258368,
            "max": 3192.931909,
            "p(90)": 836.7011870000006
        },
        "http_req_tls_handshaking": {
            "p(95)": 0,
            "avg": 0,
            "min": 0,
            "med": 0,
            "max": 0,
            "p(90)": 0
        },
        "http_req_duration": {
            "p(95)": 1110.4108811999997,
            "avg": 368.58612698324737,
            "min": 65.276957,
            "med": 220.258368,
            "max": 3192.931909,
            "p(90)": 836.7011870000006,
            "thresholds": {
                "p(95)<500": true
            }
        },
        "data_sent": {
            "rate": 33970.991366252645,
            "count": 4078831
        },
        "http_reqs": {
            "count": 8537,
            "rate": 71.10134087283804
        },
        "http_req_receiving": {
            "avg": 11.51064622806606,
            "min": 0.033606,
            "med": 3.967848,
            "max": 878.516233,
            "p(90)": 27.863596400000006,
            "p(95)": 47.33332359999999
        },
        "chat_logs_duration": {
            "avg": 368.58612698324737,
            "min": 65.276957,
            "med": 220.258368,
            "max": 3192.931909,
            "p(90)": 836.7011870000006,
            "p(95)": 1110.4108811999997
        },
        "group_duration": {
            "avg": 368.87708242028725,
            "min": 65.382988,
            "med": 220.373782,
            "max": 3193.028994,
            "p(90)": 836.8315954000007,
            "p(95)": 1110.5563582
        },
        "http_req_failed": {
            "passes": 0,
            "fails": 8537,
            "thresholds": {
                "rate<0.01": false
            },
            "value": 0
        },
        "http_req_connecting": {
            "p(95)": 0,
            "avg": 0.173529974815509,
            "min": 0,
            "med": 0,
            "max": 32.940574,
            "p(90)": 0
        },
        "http_req_waiting": {
            "p(90)": 807.9909062000002,
            "p(95)": 1070.2934738,
            "avg": 357.05979376420373,
            "min": 61.491133,
            "med": 213.392748,
            "max": 2789.93822
        },
        "data_received": {
            "rate": 456619.0492140192,
            "count": 54825363
        },
        "http_req_blocked": {
            "avg": 0.17772540705165676,
            "min": 0.001357,
            "med": 0.003202,
            "max": 32.990553,
            "p(90)": 0.005126400000000001,
            "p(95)": 0.0075293999999999995
        },
        "iteration_duration": {
            "avg": 368.90666167166626,
            "min": 65.408579,
            "med": 220.413306,
            "max": 3193.070591,
            "p(90)": 836.8574016000006,
            "p(95)": 1110.5863213999999
        },
        "checks": {
            "passes": 8537,
            "fails": 0,
            "value": 1
        },
        "vus_max": {
            "max": 50,
            "value": 50,
            "min": 50
        },
        "vus": {
            "min": 1,
            "max": 50,
            "value": 1
        },
        "iterations": {
            "count": 8537,
            "rate": 71.10134087283804
        }
    },
    "root_group": {
        "name": "",
        "path": "",
        "id": "d41d8cd98f00b204e9800998ecf8427e",
        "groups": {
            "Get Chat Logs": {
                "path": "::Get Chat Logs",
                "id": "88bc7e85aa7809a41b957c07accf4e3d",
                "groups": {},
                "checks": {
                        "status is 200": {
                            "name": "status is 200",
                            "path": "::Get Chat Logs::status is 200",
                            "id": "8f61d2debae169fd0333ac9fdb8c386a",
                            "passes": 8537,
                            "fails": 0
                        }
                    },
                "name": "Get Chat Logs"
            }
        },
        "checks": {}
    }
}